번호,호텔명,가격,링크
1,위코스테이 강남 (Wecostay Gangnam ),81577,//pix8.agoda.net/hotelImages/47818414/762764179/652c6b63f8139d1302b8d1bd966c0539.jpg?ce=0&s=450x450
2,뉴 블랑 센트럴 명동 (New Blanc Central Myeongdong),77785,//pix8.agoda.net/hotelImages/63406120/-1/b62fa2469d8dad849eda425f46db938b.jpg?ce=0&s=450x450
8,아리랑힐 호텔 동대문 (Arirang Hill Hotel Dongdaemun),83777,//pix8.agoda.net/hotelImages/985/985450/985450_18021313300061800754.jpg?ca=6&ce=1&s=450x450
16,"더 퍼스트 스테이 호텔 (The first stay hotel(old, Luce bridge hotel) (Korea Quality))",69967,//pix8.agoda.net/hotelImages/1766628/-1/df05ebf0d07099000a4c0205ea8e3b50.jpg?ce=0&s=450x450
17,로이넷 호텔 서울 마포 (Roynet Hotel Seoul Mapo),96961,//pix8.agoda.net/hotelImages/23131209/-1/25e65564642d7a18d5d7f7223f821d22.jpg?ce=0&s=450x450
26,어반스테이 부티크 익선 (Urbanstay boutique Ikseon),91672,//pix8.agoda.net/hotelImages/39797535/-1/6b8e11fba81884075415d80fc9449dd9.jpg?ce=0&s=450x450
27,더휴식 아늑호텔 홍대점 (The Hyoosik Aank Hotel Hongdae),97259,//pix8.agoda.net/hotelImages/46918586/0/cc21eca01d580b07b1a3aea5a0743728.jpg?ce=0&s=450x450
46,위코스테이 남산 (Wecostay Namsan),115904,//pix8.agoda.net/hotelImages/47613955/0/42f87571ba2b1ef1cc8ff8e83c762c8e.jpg?ce=0&s=450x450
55,호텔 부티크나인 능동 (Hotel Boutique 9 Neung-dong),95263,//pix8.agoda.net/hotelImages/199/1994139/1994139_17022113060051149696.jpg?ca=6&ce=1&s=450x450
57,스탠포드 호텔 서울 (Stanford Hotel Seoul),95155,//pix8.agoda.net/hotelImages/286348/0/184f56cd0340993e5ad12e0d8effe997.jpeg?s=450x450
59,88호텔 (88HOTEL),52019,//pix8.agoda.net/hotelImages/56059541/-1/f378b8f59e600258f7032d6a11309716.jpg?ce=0&s=450x450
71,더 프리마 호텔 종로 (The Prima Hotel Jongno),97468,//pix8.agoda.net/hotelImages/49406143/-1/4f8966269072233485b5b387ab73a8c6.jpg?ce=0&s=450x450
85,트레블로지 동대문 서울 (Travelodge Dongdaemun Seoul),82058,//pix8.agoda.net/hotelImages/1198176/-1/d1a6857d389a6698de0c7328820c943f.jpg?ca=7&ce=1&s=450x450
93,트리아 호텔 (Tria Hotel),62985,//pix8.agoda.net/hotelImages/230/230548/230548_16070714300044483762.jpg?ca=6&ce=1&s=450x450
95,호텔 스카이파크 동대문 1호점 (Hotel Skypark Dongdaemun I),89654,//pix8.agoda.net/hotelImages/624931/-1/a4eeb2ffc5d588a74e255f54dd3b1524.jpg?ce=0&s=450x450
96,인사동 크라운 호텔 (Insadong Crown Hotel),62988,//pix8.agoda.net/hotelImages/426/42648/42648_17080711480054951685.jpg?ca=13&ce=1&s=450x450
